id,stop_letter,name,lat,lon,lines,modes,parent_id,top_most_parent_id,station_id
490011760D,D,Royal Free Hospital,51.553947,-0.165511,"['1', '46', 'c11']",['bus'],490G000732,490G000732,490G000732
490011714E,E,Rosslyn Hill,51.553441,-0.168286,"['1', '46', 'c11']",['bus'],490G00011714,490G00011714,490G00011714
490015255F,F,Haverstock Hill / Pond Street,51.552266,-0.167295,"['1', '268', 'c11', 'n5']",['bus'],490G00015255,490G00015255,490G00015255
490000020L,L,Belsize Park Station,51.550749,-0.165192,"['1', 'c11', 'n5']",['bus'],490G00020L,940GZZLUBZP,490G00020L
490006180S,M,Downside Crescent,51.550027,-0.163866,"['1', 'c11', 'n5']",['bus'],490G00006180,490G00006180,490G00006180
490013939S,N,Upper Park Road,51.548753,-0.161725,"['1', 'c11', 'n5']",['bus'],490G00013939,490G00013939,490G00013939
490012664S,P,Haverstock Hill / Steele's Village,51.546443,-0.157203,"['1', 'n5']",['bus'],490G00012668,490G00012668,490G00012668
490000043CD,CD,Chalk Farm Station,51.544644,-0.153742,"['1', '393', 'n5']",['bus'],490G00043CD,940GZZLUCFM,490G00043CD
490004963CE,CE,Chalk Farm Road / Morrisons,51.543115,-0.149737,"['1', '27', '31', '393', 'n27', 'n28', 'n31', 'n5']",['bus'],490G00004964,490G00004964,490G00004964
490007927M,M,Hawley Road,51.542882,-0.143545,"['1', '24', '27', '31', 'n27', 'n28', 'n31', 'n5']",['bus'],490G00007927,490G00007927,490G00007927
490004713D,D,Camden Gardens,51.54197,-0.14103,"['1', '134', '214', '24', '27', '31', '46', '88', 'n20', 'n27', 'n28', 'n31', 'n5']",['bus'],490G00004713,490G00004713,490G00004713
490000036R,R,Camden Town Station / Camden Street,51.540003,-0.140634,"['1', '214', '253', '274', '88']",['bus'],490G00019167,490G00019167,490G00019167
490015531T,T,Camden Town Station  / Bayham Street,51.538668,-0.140919,"['1', '214', '253', '274', '88']",['bus'],490G00002330,490G00002330,490G00002330
490011168S1,W,Pratt Street,51.536961,-0.13933,"['1', '214', '253', 'n20', 'n253', 'n5']",['bus'],490G00011168,490G00011168,490G00011168
490000152G,G,Mornington Cres Stn / Camden Tn Library,51.534136,-0.138105,"['1', '253', 'n20', 'n253', 'n5']",['bus'],490G00152G,940GZZLUMTC,490G00152G
490003174S,S,Aldenham Street,51.531995,-0.135755,"['1', '253', 'n20', 'n253', 'n5']",['bus'],490G00003174,490G00003174,490G00003174
490000077B,B,Euston Station,51.52861,-0.132131,"['1', '253', 'n20', 'n253', 'n5']",['bus'],490G00077B,HUBEUS,490G00077B
490012867M,M,Upper Woburn Place,51.526815,-0.130114,"['1', '68', '91', 'n91']",['bus'],490G00012867,HUBEUS,490G00012867
490013170S,N,Tavistock Square,51.524903,-0.128059,"['1', '68', '91', 'n91']",['bus'],490G00013170,490G00013170,490G00013170
490000200J,J,Russell Square,51.523355,-0.126277,"['1', '68', '91', 'n91']",['bus'],490G00200H,940GZZLURSQ,490G00200H
490005624S,B,Southampton Row,51.521053,-0.123489,"['1', '68', '91', 'n91', 'sl6']",['bus'],490G00005624,490G00005624,490G00005624
490013477A,X,Southampton Row / Theobald's Road,51.518507,-0.120624,"['1', '68', '91', 'n91', 'sl6']",['bus'],490G00013478,490G00013478,490G00013478
490000112M,M,Kingsway / Holborn Station,51.51674,-0.11976,"['1', '188', '243', '59', '68', '91', 'n1', 'n171', 'n68', 'n91', 'sl6']",['bus'],490G00000350,490G00000350,490G00000350
490019703Z,S,Aldwych / Drury Lane,51.512264,-0.118806,"['1', '172', '188', '243', '341', '59', '68', 'n1', 'n171', 'n68', 'sl6']",['bus'],490G00019703,490G00019703,490G00019703
490014271N,N,Waterloo Bridge / South Bank,51.5065,-0.114922,"['1', '139', '172', '176', '188', '243', '341', '59', '68', 'n1', 'n171', 'n343', 'n68', 'sl6']",['bus'],490G000819,490G000819,490G000819
490000254E,E,Waterloo Station   / Waterloo Road,51.503512,-0.111414,"['1', '139', '188', '341', 'c10', 'n1']",['bus'],490G000401,HUBWAT,490G000401
490013485S1,S,The Old Vic,51.501338,-0.108752,"['1', '172', '176', '188', '68', 'c10', 'n1', 'n171', 'n68']",['bus'],490G00013485,490G00013485,490G00013485
490012693S2,T,St George's Circus,51.499158,-0.106278,"['1', '172', '176', '188', '68', 'c10', 'n1', 'n171', 'n68']",['bus'],490G00012693,490G00012693,490G00012693
490009281E,E,Elephant & Castle / London Road,51.496102,-0.101333,"['1', '172', '188', '363', '453', '53', '63', 'n1', 'n53', 'n63']",['bus'],490G000642,490G000642,490G000642
490000073K,K,Elephant & Castle / New Kent Road,51.495076,-0.099071,"['1', '188', 'n1']",['bus'],490G000645,HUBEPH,490G000645
490011632BA,BA,Rodney Place,51.494218,-0.094439,"['1', '172', '188', '363', '415', '453', '53', '63', 'n1', 'n53', 'n63']",['bus'],490G00011632,490G00011632,490G00011632
490003658BC,BC,Bricklayer's Arms / New Kent Road,51.494414,-0.087689,"['1', '188', 'n1']",['bus'],490G00003658,490G00003658,490G00003658
490004315BH,BH,Bricklayer's Arms / Tower Bridge Road,51.495631,-0.08346,"['1', '188', '42', 'n1']",['bus'],490G00019012,490G00019012,490G00019012
490007533E,N,Grigg's Place,51.496431,-0.080675,"['1', '78', 'n1']",['bus'],490G00007533,490G00007533,490G00007533
490006792E,P,Fendall Street,51.495681,-0.078243,"['1', '78', 'n1']",['bus'],490G00006792,490G00006792,490G00006792
490012367E,Q,Spa Road,51.49482,-0.07619,"['1', '78', 'n1']",['bus'],490G00012367,490G00012367,490G00012367
490003275E,R,Alscot Road,51.493684,-0.074365,"['1', '78', 'n1']",['bus'],490G00003275,490G00003275,490G00003275
490003533E,,Harris Academy,51.492803,-0.071118,"['1', 'n1']",['bus'],490G00003533,490G00003533,490G00003533
490012353E,PA,Southwark Park Road / St James's Road,51.492371,-0.065662,"['1', 'n1']",['bus'],490G00012353,490G00012353,490G00012353
490003311E,PB,Anchor Street,51.492166,-0.061392,"['1', '381', 'n1', 'n381', 'p12']",['bus'],490G00003311,490G00003311,490G00003311
490009482S,GS,Lynton Road,51.490568,-0.059904,"['1', '381', 'n1', 'n381']",['bus'],490G00009482,490G00009482,490G00009482
490007086B,GT,Galleywall Road / South Bermondsey Stn,51.489044,-0.058038,"['1', '381', 'n1', 'n381']",['bus'],490G000529,490G000529,490G000529
490003716E,RL,Beamish House,51.48961,-0.056401,"['1', '381', 'n1', 'n381']",['bus'],490G000403,490G000403,490G000403
490005603E,RM,Corbetts Lane,51.490942,-0.053175,"['1', '381', 'n1', 'n381']",['bus'],490G00005603,490G00005603,490G00005603
490014228E,RN,Warndon Street,51.491123,-0.050531,"['1', '381', 'n1', 'n381']",['bus'],490G00011722,490G00011722,490G00011722
490000229O,S,Surrey Quays Station,51.49295,-0.047918,"['1', '188', '199', '225', '381', 'n199', 'n381']",['bus'],490G00229O,910GSURREYQ,490G00229O
490011723P,P,Rotherhithe Police Station,51.495462,-0.051355,"['1', '199', '225', '381', 'n199', 'n381']",['bus'],490G00011723,490G00011723,490G00011723
490004733D,D,Canada Water Bus Station,51.498145,-0.049944,"['1', '199', '225', 'c10', 'p12']",['bus'],490G000438,HUBZCW,490G000438
490004733C,C,Canada Water Bus Station,51.497775,-0.049844,"['1', '381', 'p12']",['bus'],490G000438,HUBZCW,490G000438
490011723E,E,Rotherhithe Police Station,51.494944,-0.050484,"['1', '108', '199', '225', '381', 'n199', 'n381', 'p12']",['bus'],490G00011723,490G00011723,490G00011723
490013042J,J,Surrey Quays Shopping Centre,51.49401,-0.046259,"['1', '188', 'n1']",['bus'],490G000775,490G000775,490G000775
490000229L,L,Surrey Quays Station,51.493421,-0.046011,"['1', '188', '199', '225', '381', 'n1', 'n199', 'n381']",['bus'],490G00229S,910GSURREYQ,490G00229S
490011722Q,Q,Warndon Street,51.491062,-0.049079,"['1', '381', 'n1', 'n381']",['bus'],490G00011722,490G00011722,490G00011722
490005603W,RE,Corbetts Lane,51.490641,-0.054038,"['1', '381', 'n1', 'n381']",['bus'],490G00005603,490G00005603,490G00005603
490009482N,GP,Lynton Road,51.490197,-0.059776,"['1', '381', 'n1', 'n381']",['bus'],490G00009482,490G00009482,490G00009482
490003311N,GQ,Anchor Street,51.491578,-0.060625,"['1', '381', 'n1', 'n381']",['bus'],490G00003311,490G00003311,490G00003311
490012353W,PG,Southwark Park Road / St James's Road,51.49225,-0.064874,"['1', '381', 'n1', 'n381', 'p12']",['bus'],490G00012353,490G00012353,490G00012353
490011538W,PH,Reverdy Road,51.492687,-0.069523,"['1', 'n1']",['bus'],490G00011538,490G00011538,490G00011538
490003275W,U,Alscot Road,51.493622,-0.07444,"['1', '78', 'n1']",['bus'],490G00003275,490G00003275,490G00003275
490012367W,V,Spa Road,51.495374,-0.077665,"['1', '78', 'n1']",['bus'],490G00012367,490G00012367,490G00012367
490007362S,J,Grange Road / Caledonian Market,51.496403,-0.082275,"['1', '188', 'n1']",['bus'],490G00007362,490G00007362,490G00007362
490015272BJ,BJ,Bricklayer's Arms / Tower Bridge Road,51.495154,-0.083955,"['1', '188', '42', 'n1']",['bus'],490G00019012,490G00019012,490G00019012
490003658BS,BS,Bricklayer's Arms / New Kent Road,51.494033,-0.09024,"['1', '172', '188', '363', '415', '453', '53', '63', 'n1', 'n53', 'n63']",['bus'],490G00003658,490G00003658,490G00003658
490011632BT,BT,Rodney Place,51.494168,-0.094672,"['1', '172', '188', '363', '415', '453', '53', '63', 'n1', 'n53', 'n63']",['bus'],490G00011632,490G00011632,490G00011632
490000073N,N,Elephant & Castle / New Kent Road,51.49498,-0.099233,"['1', '172', '188', '363', '415', '63', 'n1', 'n63']",['bus'],490G000645,HUBEPH,490G000645
490009281A,A,Elephant & Castle / London Road,51.496135,-0.101706,"['1', '172', '176', '188', '40', '63', '68', 'n1', 'n171', 'n63', 'n68', 'n89']",['bus'],490G000642,490G000642,490G000642
490012693N1,P,St George's Circus,51.499668,-0.107236,"['1', '172', '176', '188', '68', 'c10', 'n1', 'n171', 'n68']",['bus'],490G00012693,490G00012693,490G00012693
490013485N,Q,The Old Vic,51.50129,-0.109085,"['1', '172', '176', '188', '68', 'c10', 'n1', 'n171', 'n68']",['bus'],490G00013485,490G00013485,490G00013485
490000254K,K,Waterloo Station / Tenison Way,51.504359,-0.113742,"['1', '188', '68', 'n1', 'n171', 'n68', 'sl6']",['bus'],490G000402,HUBWAT,490G000402
490014270P,P,Waterloo Bridge / South Bank,51.506259,-0.115004,"['1', '139', '172', '176', '188', '243', '341', '59', '68', 'n1', 'n171', 'n343', 'n68', 'sl6']",['bus'],490G000819,490G000819,490G000819
490008932T,T,Lancaster Place,51.510446,-0.118722,"['1', '139', '172', '176', '188', '243', '341', '59', '68', 'n1', 'n171', 'n343', 'n68', 'sl6']",['bus'],490G00008932,490G00008932,490G00008932
490003191F,F,Aldwych / Kingsway,51.513141,-0.117948,"['1', '188', '68', '91', 'n1', 'n171', 'n68', 'n91', 'sl6']",['bus'],490G00003195,490G00003195,490G00003195
490000112N,N,Holborn Station,51.516872,-0.120144,"['1', '68', '91', 'n91', 'sl6']",['bus'],490G00112L,940GZZLUHBN,490G00112L
490013477Y,Y,Southampton Row / Theobald's Road,51.519526,-0.121908,"['1', '68', '91', 'n91', 'sl6']",['bus'],490G00013478,490G00013478,490G00013478
490000200H,H,Russell Square Station,51.523212,-0.126384,"['1', '68', '91', 'n91']",['bus'],490G00200H,940GZZLURSQ,490G00200H
490013170N,K,Tavistock Square,51.524903,-0.128044,"['1', '68', '91', 'n91']",['bus'],490G00013170,490G00013170,490G00013170
490012867L,L,Upper Woburn Place / Euston Road,51.527158,-0.130777,"['1', '68', '91', 'n91']",['bus'],490G00012867,HUBEUS,490G00012867
490000077A,A,Euston Station  / Eversholt Street,51.52918,-0.132944,"['1', '253', 'n20', 'n253', 'n5']",['bus'],490G000651,HUBEUS,490G000651
490003174N,T,Aldenham Street,51.531577,-0.135542,"['1', '253', 'n20', 'n253', 'n5']",['bus'],490G00003174,490G00003174,490G00003174
490000152F,F,Mornington Cres Stn / Camden Tn Library,51.534158,-0.138363,"['1', '253', 'n253']",['bus'],490G00152G,940GZZLUMTC,490G00152G
490004714J,J,Camden High Street,51.536513,-0.140574,"['1', '24', '253', '27', '29', 'n253', 'n27', 'n279', 'n28', 'n29', 'n31', 'n5']",['bus'],490G000437,490G000437,490G000437
490015041X,X,Camden Town Station,51.53843,-0.142342,"['1', '24', '27', '31', 'n27', 'n28', 'n31', 'n5']",['bus'],490G00036N,940GZZLUCTN,490G00036N
490007876O,CQ,Hartland Road / Camden Market,51.542288,-0.146929,"['1', '24', '27', '31', 'n27', 'n28', 'n31', 'n5']",['bus'],490G00007876,490G00007876,490G00007876
490013538CF,CF,The Roundhouse,51.543327,-0.151228,"['1', '31', '393', 'n28', 'n31', 'n5']",['bus'],490G00013538,490G00013538,490G00013538
490000043CC,CC,Chalk Farm Station,51.544368,-0.153926,"['1', '393', 'n5']",['bus'],490G00043CD,940GZZLUCFM,490G00043CD
490012664N,Q,Steele's Road / Steele's Village,51.546516,-0.157849,"['1', 'n5']",['bus'],490G00012664,490G00012664,490G00012664
490013939N,W,Upper Park Road,51.549219,-0.162802,"['1', 'c11', 'n5']",['bus'],490G00013939,490G00013939,490G00013939
490000020K,K,Belsize Park Station,51.550697,-0.165281,"['1', 'c11', 'n5']",['bus'],490G00020L,940GZZLUBZP,490G00020L
490015255G,G,Rosslyn Hill,51.552779,-0.1685,"['1', '268', 'c11', 'n5']",['bus'],490G00011714,490G00011714,490G00011714
490011760C,C,Royal Free Hospital,51.553844,-0.167001,"['1', '46', 'c11']",['bus'],490G000732,490G000732,490G000732
490012280N,X,South End Green,51.55439,-0.165709,['1'],['bus'],490G000751,490G000751,490G000751
490008743N,,King Edward Street / St Pauls Station,51.516552,-0.098638,['100'],['bus'],490G00019929,490G00019929,490G00019929
49008743N1,SV,Little Britain,51.517613,-0.098075,"['100', '133', '25', '4', '56', '8', 'n25', 'n551', 'n8']",['bus'],490G00008743,490G00008743,490G00008743
490010130N,BC,Aldersgate Street,51.518651,-0.097196,"['100', '4', '56', 'n551']",['bus'],490G00019953,490G00019953,490G00019953
490003818E,BN,Beech Street,51.520593,-0.094434,"['100', '153', 'n551']",['bus'],490G00003818,490G00003818,490G00003818
490003831E,R,Finsbury Street,51.520648,-0.088377,"['100', '153', 'n551']",['bus'],490G00003831,490G00003831,490G00003831
490015209K,K,Finsbury Square / Moorgate,51.520091,-0.087334,"['100', '141', '153', '21', '43', 'n551']",['bus'],490G000282,490G000282,490G000282
490003172A,U,All Hallows Church,51.516686,-0.084781,"['100', '153', '21', '43', 'n551']",['bus'],490G00003172,490G00003172,490G00003172
490004043P,P,Wormwood Street,51.516203,-0.082178,"['100', '141', '21', '344', '43', 'n133', 'n551']",['bus'],490G00004043,490G00004043,490G00004043
490000003B,B,St Botolph Street,51.514955,-0.07514,"['100', '135', '205', '42', '78', 'n205', 'n551']",['bus'],490G00019038,490G00019038,490G00019038
490000003R,R,Aldgate Station,51.514079,-0.074932,"['100', '115', '15', '242', '25', '254', '343', '42', '78', 'n15', 'n25', 'n253', 'n550', 'n551']",['bus'],490G00003N,940GZZLUALD,490G00003N
490005818K,H,Minories,51.51275,-0.075564,"['100', '15', '343', '42', '78', 'n15', 'n551']",['bus'],490G000477,490G000477,490G000477
490015074Z,TE,Tower Hill / Tower Gateway Station,51.509822,-0.073065,"['100', '343', '42', '78', 'n551']",['bus'],490G000857,490G000857,490G000857
490014944E,TS,St Katharine Docks,51.508441,-0.071682,"['100', 'n551']",['bus'],490G00014944,490G00014944,490G00014944
490014016S,->S,The Highway,51.508612,-0.067294,['100'],['bus'],490G00014016,490G00014016,490G00014016
490010178S,O,Nesham Street,51.506899,-0.066487,['100'],['bus'],490G00010178,490G00010178,490G00010178
490008089E,A,Hermitage Wall,51.505219,-0.064973,['100'],['bus'],490G00008089,490G00008089,490G00008089
490014210E,B,Sampson Street,51.503912,-0.06366,['100'],['bus'],490G00014210,490G00014210,490G00014210
490006246E,C,Dundee Street,51.503367,-0.060614,['100'],['bus'],490G00006246,490G00006246,490G00006246
490014208E,D,Wapping Station,51.504058,-0.056723,['100'],['bus'],490G00251W,910GWAPPING,490G00251W
490014209N,H,Wapping Health Centre,51.505808,-0.05868,"['100', 'd3']",['bus'],490G00014209,490G00014209,490G00014209
490013687K,K,Tobacco Dock,51.509336,-0.058862,"['100', 'd3']",['bus'],490G000801,490G000801,490G000801
490012457E,,St Paul's Church,51.509799,-0.053178,"['100', 'n551']",['bus'],490G00012457,490G00012457,490G00012457
490007207N,,Glamis Place,51.510214,-0.050509,['100'],['bus'],490G00007207,490G00007207,490G00007207
490008734W,,King David Lane,51.510684,-0.052838,['100'],['bus'],490G00008734,490G00008734,490G00008734
490000202A,A,Shadwell Station,51.510971,-0.055535,"['100', 'd3']",['bus'],490G00202A,HUBSDE,490G00202A
490012020A,,St George's Town Hall / Shadwell Stn,51.511039,-0.058559,['100'],['bus'],490G000740,490G000740,490G000740
490012020B,B,St George's Town Hall / Shadwell Stn,51.511028,-0.058948,"['100', 'd3']",['bus'],490G000740,490G000740,490G000740
490013687J,J,Tobacco Dock,51.50891,-0.058664,"['100', 'd3']",['bus'],490G000801,490G000801,490G000801
490014209S,L,Wapping Health Centre,51.506246,-0.058503,"['100', 'd3']",['bus'],490G00014209,490G00014209,490G00014209
490011250E,M,Clegg Street,51.505484,-0.057051,['100'],['bus'],490G000714,490G000714,490G000714
490003335E,N,Garnet Street,51.506479,-0.05577,['100'],['bus'],490G00003335,490G00003335,490G00003335
490014211S,P,Wapping Wall,51.505394,-0.054303,"['100', 'd3']",['bus'],490G00014211,490G00014211,490G00014211
490000251W,R,Wapping Station,51.504565,-0.05588,"['100', 'd3']",['bus'],490G00251W,910GWAPPING,490G00251W
490006246W,S,Dundee Street,51.503245,-0.060864,['100'],['bus'],490G00006246,490G00006246,490G00006246
490014210W,T,Sampson Street,51.503662,-0.063267,['100'],['bus'],490G00014210,490G00014210,490G00014210
490008089W,U,Hermitage Wall,51.504935,-0.064654,['100'],['bus'],490G00008089,490G00008089,490G00008089
490012021N,,Stockholm Way,51.506011,-0.066626,['100'],['bus'],490G00012021,490G00012021,490G00012021
490014016N,->N,The Highway,51.507658,-0.066729,['100'],['bus'],490G00014016,490G00014016,490G00014016
490014944W,TN,St Katharine Docks,51.508326,-0.071788,"['100', '108', 'n551']",['bus'],490G00014944,490G00014944,490G00014944
490002076RV,TC,Tower Gateway Station,51.510792,-0.075214,"['100', '42', '78', 'n551']",['bus'],490G02076RV,HUBTOG,490G02076RV
490009606S,S,Mansell Street,51.51283,-0.073327,"['100', '15', '42', '78', 'n15']",['bus'],490G000654,490G000654,490G000654
490006229ZY,A,Duke's Place,51.514571,-0.078629,"['100', '135', '205', '42', '78', 'n205', 'n551']",['bus'],490G000492,490G000492,490G000492
490004043N,N,Bishopsgate,51.515916,-0.081138,"['100', 'n551']",['bus'],490G00019063,490G00019063,490G00019063
490004043Q,Q,Wormwood Street,51.516178,-0.082295,"['100', '344', 'n133']",['bus'],490G00004043,490G00004043,490G00004043
490000149B,B,Moorgate Station,51.518621,-0.088174,"['100', '141', '153', '43']",['bus'],490G00149L,HUBZMG,490G00149L
490003831W,S,Finsbury Street,51.520687,-0.089125,"['100', '153']",['bus'],490G00003831,490G00003831,490G00003831
490003824W,BM,Silk Street,51.520946,-0.091796,"['100', '153']",['bus'],490G00003824,490G00003824,490G00003824
490010130S,BD,London Wall,51.518312,-0.096792,"['100', '4', '56']",['bus'],490G00010130,490G00010130,490G00010130
490000225W,SW,St Paul's Station,51.51544,-0.097157,"['100', '133', '25', '4', 'n25', 'n8']",['bus'],490G00225S,940GZZLUSPU,490G00225S
490014816E,E,Woodbine Place,51.57704,0.026821,"['101', '308', 'w12']",['bus'],490G00014816,490G00014816,490G00014816
490000250D,D,Wanstead High St / Wanstead Station,51.576752,0.027385,"['101', '308', '66', 'n55', 'w13', 'w14']",['bus'],490G00014821,490G00014821,490G00014821
490015125C,C,Wanstead Station  / George Green,51.575082,0.026705,"['101', '145', '308', 'n55', 'n8', 'w13', 'w14']",['bus'],490G00250A,940GZZLUWSD,490G00250A
490006778S,T,Felstead Road,51.572514,0.023849,"['101', '145', '308', 'n55', 'n8']",['bus'],490G00006778,490G00006778,490G00006778
490004653S,U,Bush Road,51.570511,0.023716,"['101', '145', '308', 'n55', 'n8']",['bus'],490G00004653,490G00004653,490G00004653
490004087S,A,Blake Hall Crescent,51.565865,0.025097,"['101', '308', 'w19']",['bus'],490G00004087,490G00004087,490G00004087
490011372S,B,Queenswood Gardens,51.564091,0.025754,"['101', 'w19']",['bus'],490G00011372,490G00011372,490G00011372
490010812E,C,Park Road,51.563031,0.031954,"['101', 'w19']",['bus'],490G00010812,490G00010812,490G00010812
490008095S,D,Herongate Road,51.562005,0.035617,"['101', 'w19']",['bus'],490G00008095,490G00008095,490G00008095
490006566S,E,Empress Avenue,51.561018,0.037564,"['101', 'w19']",['bus'],490G00006566,490G00006566,490G00006566
490009816S,F,Merlin Road,51.56018,0.039229,"['101', 'w19']",['bus'],490G00009816,490G00009816,490G00009816
490014205S,G,City of London Cemetery,51.558665,0.04258,"['101', 'w19']",['bus'],490G00005322,490G00005322,490G00005322
490004769Z,,Capel Road,51.554513,0.046505,"['101', 'w19']",['bus'],490G00004769,490G00004769,490G00004769
490001189S,B,Manor Park Station,51.552829,0.046646,"['101', '304', '474', 'w19']",['bus'],910GMANRPK,910GMANRPK,910GMANRPK
490011661S,J,Romford Road,51.551398,0.047274,"['101', '304', '474', 'w19']",['bus'],490G00011661,490G00011661,490G00011661
490005694D,D,Cranbourne Road,51.54968,0.048279,"['101', '304', '474']",['bus'],490G000469,490G000469,490G000469
490003921S,A,Berkeley Road,51.546487,0.048842,"['101', '304', '474']",['bus'],490G00003921,490G00003921,490G00003921
490011801S1,B,Ruskin Avenue,51.545371,0.049441,"['101', '304', '474']",['bus'],490G00011801,490G00011801,490G00011801
490012058S1,C,Shelley Avenue,51.543447,0.049931,"['101', '304', '474']",['bus'],490G00012058,490G00012058,490G00012058
490007200F,D,Gladstone Avenue,51.541547,0.050567,"['101', '304', '474']",['bus'],490G00007200,490G00007200,490G00007200
490000068A,A,East Ham Station,51.540029,0.050975,"['101', '147', '238', '300', '304', '325', '376', '474']",['bus'],490G00068A,940GZZLUEHM,490G00068A
490003888N,N,Bendish Road,51.537543,0.051714,"['101', '147', '238', '300', '304', '325', '376', '474']",['bus'],490G00003888,490G00003888,490G00003888
490011001M,M,Ron Leighton Way,51.535535,0.051364,"['101', '147', '304', '376', '474']",['bus'],490G00011001,490G00011001,490G00011001
490006360R,R,High Street North,51.532924,0.053092,"['101', '115', '304', '376', '474', '58']",['bus'],490G00006360,490G00006360,490G00006360
490010218V,V,Newham Town Hall,51.531878,0.055294,"['101', '115', '304', '376', '474', '58']",['bus'],490G00010218,490G00010218,490G00010218
490009662S,N,Market Street,51.530591,0.055899,"['101', '115', '304', '474', '58']",['bus'],490G00009662,490G00009662,490G00009662
490006358S1,L,East Ham / Central Park,51.52739,0.056361,"['101', '304', '474']",['bus'],490G00006358,490G00006358,490G00006358
490014040S,BK,Vicarage Lane,51.525174,0.057083,"['101', '300', '304', '474']",['bus'],490G00014049,490G00014049,490G00014049
490006359S,BL,East Ham Fire Station,51.523646,0.057547,"['101', '300', '304', '474']",['bus'],490G00006359,490G00006359,490G00006359
490009348S,BM,Lonsdale Avenue,51.521238,0.058491,"['101', '300', '474']",['bus'],490G00009348,490G00009348,490G00009348
490003747S,BN,Albatross Close,51.518442,0.05995,"['101', '104', '173', '300', '474', '673']",['bus'],490G00003747,490G00003747,490G00003747
490013691E,E,Tollgate Road,51.516482,0.060424,"['101', '104', '173', '300', '474', '673']",['bus'],490G00013691,490G00013691,490G00013691
490006317A,A,Beckton Bus Station,51.514067,0.059695,"['101', '104', '173', '366', '376', '673', '678']",['bus'],490G000496,490G000496,490G000496
490006317D,D,Beckton Bus Station,51.514431,0.059986,"['101', '173', '300', '474']",['bus'],490G000496,490G000496,490G000496
490013691F,F,Tollgate Road,51.516829,0.060123,"['101', '104', '173', '300', '474']",['bus'],490G00013691,490G00013691,490G00013691
490003747N,BE,Albatross Close,51.519502,0.059508,"['101', '104', '173', '300', '474']",['bus'],490G00003747,490G00003747,490G00003747
490009348N,BH,Lonsdale Avenue,51.521595,0.058103,"['101', '104', '300', '304', '474']",['bus'],490G00009348,490G00009348,490G00009348
490010045N,BJ,Mortimer Road,51.524598,0.057114,"['101', '300', '304', '474']",['bus'],490G00010045,490G00010045,490G00010045
490009682N,H,Marlow Road,51.526409,0.056403,"['101', '304', '474']",['bus'],490G00009682,490G00009682,490G00009682
490006358N,G,East Ham / Central Park,51.52878,0.056077,"['101', '115', '304', '474', '58']",['bus'],490G00006358,490G00006358,490G00006358
490013665N,F,Tilbury Road,51.529954,0.05577,"['101', '115', '304', '474', '58']",['bus'],490G00013665,490G00013665,490G00013665
490010218U,U,Newham Town Hall,51.531752,0.055303,"['101', '304', '474']",['bus'],490G00010218,490G00010218,490G00010218
490013645L,L,Kempton Road,51.534742,0.053001,"['101', '325', '376']",['bus'],490G00013645,490G00013645,490G00013645
490004881J,J,Caledon Road,51.535893,0.052461,"['101', '325', '376']",['bus'],490G00004881,490G00004881,490G00004881
490003888D,D,Bendish Road,51.538107,0.051379,"['101', '147', '238', '300', '304', '325', '376', '474']",['bus'],490G00003888,490G00003888,490G00003888
490000068B,B,East Ham Station,51.53938,0.051046,"['101', '147', '238', '300', '304', '325', '376', '474']",['bus'],490G00068A,940GZZLUEHM,490G00068A
490007200Y,U,Gladstone Avenue,51.540801,0.050548,"['101', '304', '474']",['bus'],490G00007200,490G00007200,490G00007200
490012058N2,V,Shelley Avenue,51.542925,0.049908,"['101', '304', '474']",['bus'],490G00012058,490G00012058,490G00012058
490011801N,W,Ruskin Avenue,51.545011,0.049425,"['101', '304', '474']",['bus'],490G00011801,490G00011801,490G00011801
490003921N,X,Berkeley Road,51.546932,0.048631,"['101', '304', '474']",['bus'],490G00003921,490G00003921,490G00003921
490005694C,C,Romford Road,51.550059,0.047719,"['101', '304', '474']",['bus'],490G00011661,490G00011661,490G00011661
490001189N,A,Manor Park Station,51.552082,0.046713,"['101', '304', '474', 'w19']",['bus'],910GMANRPK,910GMANRPK,910GMANRPK
490004769W,,Capel Road,51.554264,0.04635,"['101', 'w19']",['bus'],490G00004769,490G00004769,490G00004769
490005322N,J,City of London Cemetery,51.556956,0.044638,"['101', 'w19']",['bus'],490G00005322,490G00005322,490G00005322
490014205N,K,Wanstead Park Avenue,51.558817,0.041562,"['101', 'w19']",['bus'],490G00014205,490G00014205,490G00014205
490009816N,L,Merlin Road,51.559622,0.039737,"['101', 'w19']",['bus'],490G00009816,490G00009816,490G00009816
490006566N,M,Empress Avenue,51.560489,0.038002,"['101', 'w19']",['bus'],490G00006566,490G00006566,490G00006566
490006151N,N,Dover Road,51.562007,0.034968,"['101', 'w19']",['bus'],490G00006151,490G00006151,490G00006151
490010812W,P,Park Road,51.562872,0.032308,"['101', 'w19']",['bus'],490G00010812,490G00010812,490G00010812
490011372N,R,Queenswood Gardens,51.563915,0.025559,"['101', 'w19']",['bus'],490G00011372,490G00011372,490G00011372
490004087N,S,Blake Hall Crescent,51.566629,0.024597,"['101', '308', 'w19']",['bus'],490G00004087,490G00004087,490G00004087
490004653N,M,Bush Road,51.570651,0.02342,"['101', '308']",['bus'],490G00004653,490G00004653,490G00004653
490004706N,L,Cambridge Park,51.57305,0.023512,"['101', '308']",['bus'],490G00004706,490G00004706,490G00004706
490015125B,B,Wanstead Station,51.575308,0.027119,"['101', '145', '308', 'n55', 'n8', 'w13', 'w14']",['bus'],490G00250A,940GZZLUWSD,490G00250A
490014816W,AP,Woodbine Place,51.576784,0.027055,"['101', '308', 'w12']",['bus'],490G00014816,490G00014816,490G00014816
